{"0": {"x": 26.466976404190063, "y": 30.743629932403564, "z": -30.000020365062596}, "1": {"x": 29.101881980895996, "y": 22.090612649917603, "z": -34.15721520781517}, "2": {"x": 26.54370903968811, "y": 12.518001794815063, "z": -35.670749098062515}, "3": {"x": 19.91929292678833, "y": 9.730367660522461, "z": -36.9829948246479}, "4": {"x": 14.826196432113647, "y": 12.455992698669434, "z": -37.5387105345726}, "5": {"x": 22.940797805786133, "y": 3.7577641010284424, "z": -30.16814146656543}, "6": {"x": 19.459333419799805, "y": -1.209685206413269, "z": -34.27393242716789}, "7": {"x": 22.006430625915527, "y": 3.8667798042297363, "z": -36.912381649017334}, "8": {"x": 24.27983522415161, "y": 6.937458515167236, "z": -37.989377081394196}, "9": {"x": 19.037296772003174, "y": 7.0618736743927, "z": -29.566029589623213}, "10": {"x": 16.05799913406372, "y": 4.439427852630615, "z": -34.08913001418114}, "11": {"x": 19.379206895828247, "y": 9.253263473510742, "z": -36.08569398522377}, "12": {"x": 21.519970893859863, "y": 10.870696306228638, "z": -36.203210949897766}, "13": {"x": 15.954490900039673, "y": 11.304144859313965, "z": -29.91203279932961}, "14": {"x": 13.734540939331055, "y": 9.977860450744629, "z": -34.08969148993492}, "15": {"x": 16.99998378753662, "y": 13.944454193115234, "z": -34.61817875504494}, "16": {"x": 18.83408546447754, "y": 14.915828704833984, "z": -33.630066588521004}, "17": {"x": 13.670167922973633, "y": 15.612341165542603, "z": -30.653999112546444}, "18": {"x": 12.398403882980347, "y": 14.590562582015991, "z": -32.59135544300079}, "19": {"x": 14.819297790527344, "y": 17.423783540725708, "z": -32.25840210914612}, "20": {"x": 16.441490650177002, "y": 18.492450714111328, "z": -31.221640147268772}}